Title,Score,ID,URL,Comms_Num,Created,Body,Timestamp,Datetime
How f‚Äôed am I?,2,1br5o2p,https://i.redd.it/kdt8qvzhkdrc1.jpeg,8,1711762412.0,"I bought these SPY calls for 525$ a week ago at 90$ a piece and tried selling them on Thursday but the manipulation was so strong my order kept getting declined. And now I‚Äôm stuck with these shits till exp lol. 

I know it‚Äôs not that big of an amount but I just wanted to see what other regards thought of this and why they‚Äôd do? Sell at open for whatever I can scrap or is this a goner. Greeks are normal ranges. ",2024-03-30 01:33:32,2024-03-30 01:33:32+00:00
Biden using Strategic Petroleum Reserves to Hide Inflation (Part 2),19,1br64s9,https://www.reddit.com/r/wallstreetbets/comments/1br64s9/biden_using_strategic_petroleum_reserves_to_hide/,420,1711763751.0,"I made a post 5 months ago, asking if Biden releasing the SPR to hide the runaway inflation. I think now we have a definite answer, yes.

The U.S. is producing record amounts of crude oil
Since 2018. While Biden released almost 300k since 2021. I'm sure some of you are ""so what""ing me. So the Fed has claimed we are seeing prices fall, inflation decreasing or at least inflation heading in the right direction. You know what those number would hinge greatly on? The price of oil. Everything requires oil, everything. Biden is controlling the oil supply artificially high to prevent further increases to inflation numbers. Biden is not going to resupply the SPR in any legitimate sense as it would greatly increase the price of oil as seen in recent news. The purchase of 24.7mn of oil sent prices up by $2.00 a barrel dispite record production. Biden and his team are running out of ideas to keep a cap on inflation during the election cycle. If the Fed lowers interest rate to temporarily grow the U.S. economy, we have even clearer answers that the only thing that matters is the election. The next president, who ever it is Harris, Trump, or Stein, it won't matter, they will have limited abilities to stop an inflationary recession. 

Thanks for coming to my TED Talk. Please go back to arguing why $NVDA and $DJT should have the same market cap.  

Crude Oil Production Numbers
 https://www.eia.gov/dnav/pet/hist/LeafHandler.ashx?n=pet&s=mcrfpus2&f=m

SPR Numbers

https://www.eia.gov/dnav/pet/hist/LeafHandler.ashx?n=pet&s=mcsstus1&f=m

New article about SPR purchase

https://www.argusmedia.com/en/news-and-insights/latest-market-news/2552186-us-breaks-79-bl-ceiling-in-latest-spr-purchase

Old Post

https://www.reddit.com/r/wallstreetbets/s/R6fGf70lQ2",2024-03-30 01:55:51,2024-03-30 01:55:51+00:00
Biden using Strategic Petroleum Reserves to Hide Inflation (Part 2),1,1br64s9,https://www.reddit.com/r/wallstreetbets/comments/1br64s9/biden_using_strategic_petroleum_reserves_to_hide/,2,1711763751.0,"I made a post 5 months ago, asking if Biden releasing the SPR to hide the runaway inflation. I think now we have a definite answer, yes.

The U.S. is producing record amounts of crude oil
Since 2018. While Biden released almost 300k since 2021. I'm sure some of you are so whating me. So the Fed has claimed we are seeing prices fall, inflation decreasing or at least inflation heading in the right direction. You know what those number would hinge greatly on? The price of oil. Everything requires oil, everything. Biden is controlling the oil supply artificially high to prevent further increases to inflation numbers. Biden is not resupply the SPR in any legitimate sense as it would greatly increase the price of oil as seen in recent news. The purchase of 24.7mn of oil sent prices up by $2.00 a barrel dispite record production. Biden and his team are running out of ideas to keep a cap on inflation during the election cycle. If the Fed lowers interest rate to temporarily grow the U.S. economy, we have even clearer answers that the only thing that matters is the election. The next president, who ever it is Harris, Trump, or Stein, it won't matter, they will have limited abilities to stop an inflationary recession. 

Thanks for coming to my TED Talk. Please go back to arguing why $NVDA and $DJT should have the same market cap.  

Crude Oil Production Numbers
 https://www.eia.gov/dnav/pet/hist/LeafHandler.ashx?n=pet&s=mcrfpus2&f=m

SPR Numbers

https://www.eia.gov/dnav/pet/hist/LeafHandler.ashx?n=pet&s=mcsstus1&f=m

New article about SPR purchase

https://www.argusmedia.com/en/news-and-insights/latest-market-news/2552186-us-breaks-79-bl-ceiling-in-latest-spr-purchase

Old Post

https://www.reddit.com/r/wallstreetbets/s/R6fGf70lQ2",2024-03-30 01:55:51,2024-03-30 01:55:51+00:00
Manage to time the bottom perfectly,0,1br6h7m,https://i.redd.it/z9hhdl0frdrc1.jpeg,8,1711764738.0,"You‚Äôve heard it first. $160 was the the bottom and it‚Äôll only go up from there.  Cathie just set price target $1000 for 2025. With elon‚Äôs ambition to move to mars, TSLA will be the first automaker to have factory outside earth.  Not to mention, tsla will be awarded with billions $ of government contracts cuz Biden administration fully supports green energy. With tons catalysts, i‚Äôll see you guys one the üåô üöÄ ",2024-03-30 02:12:18,2024-03-30 02:12:18+00:00
$NKLA looking (Short Term) Bullish,7,1br6he0,https://www.reddit.com/r/wallstreetbets/comments/1br6he0/nkla_looking_short_term_bullish/,20,1711764753.0,"I saw a recent post from   [u/Electrical\_Shape5101](https://www.reddit.com/u/Electrical_Shape5101/) about Nikola. I joked at his expense because of this company's history. I pulled up the chart and it does look bullish. I wouldn't invest in this company, but what's your take?

[1 Day Intervals](https://preview.redd.it/yqhhblo9qdrc1.png?width=1505&format=png&auto=webp&s=269c45349d1ea120267951d4bd96aa7182a476fd)

[4 hour Intervals](https://preview.redd.it/tsyy5mosqdrc1.png?width=1502&format=png&auto=webp&s=bd953216205b081e0bfe74b5c89a542e4b06a6e7)

[1 Hour Intervals](https://preview.redd.it/y3uqakjardrc1.png?width=1503&format=png&auto=webp&s=774fcb0991e5012e5547328f68228c78fdc8886d)

1 Hour Time Frame",2024-03-30 02:12:33,2024-03-30 02:12:33+00:00
"should I save up for a car or should I invest, what do you guys think?",0,1br74p1,https://www.reddit.com/r/wallstreetbets/comments/1br74p1/should_i_save_up_for_a_car_or_should_i_invest/,12,1711766710.0,"I was thinking about buying some music equipment but I don't think that would be practical currently. so i was like hhhmmm should I Invest this money or should I start saving up for a car?

I'll only be earning 4-5k this summer, but i might be able to continue working part time after the summer. I blew all my money on drugs so I'd be saving up from scratch. 

I'm 16 years of age, turning 17 in a few months. ",2024-03-30 02:45:10,2024-03-30 02:45:10+00:00
Snowflake is the next big play,7,1br77ao,https://www.reddit.com/r/wallstreetbets/comments/1br77ao/snowflake_is_the_next_big_play/,22,1711766929.0,"Just wanted to share an update on Snowflake's market position: The percentage of shares shorted relative to the available float has decreased by 7.56% since the last update. The latest figures show there are 8.69 million shares being shorted, making up 2.69% of the total shares available for trading. With the current volume of trading, it would typically take about 1.0 day for traders to cover all their short positions.

When comparing Snowflake to its peers, the average short interest as a percentage of float stands at 6.14%. This places Snowflake below the average, indicating it has less short interest compared to many of its competitors.",2024-03-30 02:48:49,2024-03-30 02:48:49+00:00
This is gonna be the norm in 60 years. YOLO,101,1br7gjy,https://i.redd.it/fujkukd70erc1.jpeg,25,1711767694.0,Yolo'ing options = Wendy's retirement home ,2024-03-30 03:01:34,2024-03-30 03:01:34+00:00
"Bitcoin vs S&P 500, normalized (scaled) and absolute",1,1br82l4,https://www.reddit.com/gallery/1br82l4,3,1711769627.0,,2024-03-30 03:33:47,2024-03-30 03:33:47+00:00
Me gambling my savings on 0DTE SPY calls,5,1br83xl,https://v.redd.it/jzf1dy8x5erc1,4,1711769739.0,,2024-03-30 03:35:39,2024-03-30 03:35:39+00:00
Ford $F Looking to break out of upward. Target by May 3rd?,0,1br984l,https://www.reddit.com/r/wallstreetbets/comments/1br984l/ford_f_looking_to_break_out_of_upward_target_by/,19,1711773345.0,"Ford has been in a health pattern since it double-bottomed on October 31st and November 10th.

**Important news information** Latitude AI ‚Äì a Ford subsidiary ‚Äì is developing new automated driving technology with an initial focus on a hands-free, eyes-off driver assist system for next-generation Ford vehicles

***Why does AI matter to Ford?***

* **Innovative Technology Integration**: Latitude AI will offer innovative technological solutions that could enhance Ford's product offerings. This includes advancements in autonomous driving technology, vehicle connectivity, or manufacturing efficiency.
* **Competitive Advantage**: If Latitude AI provides Ford with a competitive edge in the automotive industry, it could help Ford maintain or increase its market share. Cutting-edge technology can differentiate Ford from its competitors and attract customers.
* **Future Growth Potential**: Investing in companies that embrace emerging technologies like AI can be advantageous for long-term growth. If Latitude AI positions Ford to capitalize on future trends in the automotive industry, it could result in sustained growth and shareholder value appreciation.
* **Diversification and Risk Management**: Incorporating innovative technologies like AI into its operations can help Ford diversify its revenue streams and mitigate risks associated with traditional automotive manufacturing. This diversification could make Ford more resilient to economic downturns or industry disruptions **LIKE THE ONE ALL YOU APES HAVE BEEN CLAIMING IS RIGHT AROUND THE CORNER FOR THE LAST 3 YEARS.**

On March 20th F crossed above the 20-day moving average, suggesting a short-term bullish trend. It came back down on the 26th and broke out again on the 27th.

&#x200B;

[1 Day Intervals](https://preview.redd.it/y9bzgjdbeerc1.png?width=1505&format=png&auto=webp&s=f404c1c4a9a8858a7850b1b5a38b47f267c9b827)

The stock price is currently $13.28. My target prices are $14.17 by May 3rd and $15.42 by June 21st.",2024-03-30 04:35:45,2024-03-30 04:35:45+00:00
April's Earnings Predictions,17,1br9hk6,https://www.reddit.com/r/wallstreetbets/comments/1br9hk6/aprils_earnings_predictions/,22,1711774252.0,"Some of you may know me from my AI stock predictions google sheet post. Some of you may not. Either way, here are my prediction looking ahead at April.  
Looking ahead at next earnings season, there are many stocks with a focus on AI that have earnings that I think are ready to make BIG moves. The sheet identifies a few of these tickers including, but not limited to: MSFT, META, INTC, AAPL, AMD, NVDA, MU, and AMZN. Others that have less relevance to AI but are predicted to make moves during earnings are TSLA, NFLX, and SNOW.   
For reference, this sheet is a predictive model with a perfect accuracy rate when it comes to predicting trends in a stock after earnings and a high accuracy rate in predicting precise percentage jumps or dumps. For those of you that may have low credibility in this statement and following statements, note that when I originally introduced it to WSB on Thursday morning, one user requested I predict the results of SMTC after earnings. The result, which came less than two hours after the request, was the model was off by less than 1.5%!   
Now for predictions. The largest movers with high AI relevance in April are are MSFT (Earnings on 4/23) , META (4/24), AMZN (4/25), & INTC (4/25). Each have a respective prediction of 14.29%, 27.63%, 10.83%, and 1.83%. Important to note: these jumps predict the percent change in the stock price from earnings to 24 hours post. Also, these prediction are subject to change as earnings approach. Even though they are not directly related to the AI race, TSLA (4/17) is predicted to jump 4.20% at earnings and NFLX (4/18) 11.46% especially if it reports a likely increase in subscribers.  
Please let me know your thoughts on these prediction and whether you agree or not. FYI, there are more stocks on the spreadsheet  I left out as their market caps that may be too small to post on WSB. If you are interested in viewing the sheet please let me know. If you are interested in viewing the sheet, DM me.",2024-03-30 04:50:52,2024-03-30 04:50:52+00:00
Below Fair Value: NWRN (CHF7.76) is trading below our estimate of fair value (CHF230),2,1br9ufg,https://www.reddit.com/r/wallstreetbets/comments/1br9ufg/below_fair_value_nwrn_chf776_is_trading_below_our/,4,1711775480.0,"https://simplywall.st/stocks/ch/pharmaceuticals-biotech/vtx-nwrn/newron-pharmaceuticals-shares/valuation

How can that be?",2024-03-30 05:11:20,2024-03-30 05:11:20+00:00
OUST DD short play/long hold,3,1bra1k7,https://www.reddit.com/r/wallstreetbets/comments/1bra1k7/oust_dd_short_playlong_hold/,1,1711776179.0,"&#x200B;

[SHORT PLAY OPTIONS](https://preview.redd.it/vex20dpzbcrc1.jpg?width=1440&format=pjpg&auto=webp&s=d483d65386e8ca020b0b1829c16c6f2f1d64ab3f)

[https://chartexchange.com/symbol/nyse-oust/optionchain/summary/](https://chartexchange.com/symbol/nyse-oust/optionchain/summary/)

&#x200B;

LONG PLAY

Buy and hold shares till 2027-2030

&#x200B;

[You see the #1 on top of the most recent week, that script generally only triggers when it is set up for a 9 week run](https://preview.redd.it/kajhn63iccrc1.jpg?width=1080&format=pjpg&auto=webp&s=bd97331e8a813b7496258525bb85f138b5030dbb)

The shares being bought in the pic was just what cash I sitting around from dividends, and that's only showing this account.

&#x200B;

This next part was done by  another user :  u/St3w1e0

**Ouster Inc DCF**

This is using a conservative interpretation of analyst forecasts and their new long-term financial framework, which aims for:

* 30-50% revenue growth
* 35-40% GM (already achieved)
* Opex remaining at current levels ($120M a year but I adjusted for rising inflation)

Importantly, this does **not** account for other factors like Hesai being blacklisted, which should be very beneficial for OUST.

2024E         2025E       2026E      2027E      2028E      

Sales ($M)                         125            178           251          370              505

EBITDA ($M)                        (55)             (38)            (5)           35                 75

Unlevered Cash Flow ($M)              (28)             (28)         (13)          24                   44

Present value of 2024-2028 Free cash flow is -$1m, Present value of terminal value is $132m at 2% perpetual growth. At current net cash of $140m, this equates to **$5.96** per share.

This valuation uses a WACC (weighted average cost of capital) of **17.9%**, comprising a 23.9% cost of equity and 6.0% after-tax cost of debt. If you were to run a sensitivity analysis, you would find the largest driver of Ouster's high WACC is:

* Its extremely high beta (2.50)
* Its small size, which increases its premium by at least 2-3%

Given that positive operating performance would self-correct both of these, I calculated a WACC using:

* A lower beta of 1.50 (not uncommon for a speculative small cap and around the level of Luminar (LAZR)
* Removed the size premium which would come with even a modest uplift to $500m (2.8x 25E sales)

Changing just these two variables reduces the WACC down to **11.5%**, pushing the NPV up to **$9.86** per share. Ouster seems to have traded within the range of $5-9 for much of the last year, however with $200m of cash against an expected $85m cash burn until breakeven, I see no solvency risk. Ouster's valuation now rests purely on the execution of its strategy, which if successful, should lead to considerable gains for shareholders from present levels.

That info is pre 4 quarter earnings.

Next link by user:  u/90608

**Ouster Announces Record Revenue for Fourth Quarter and Full Year 2023**

[https://www.businesswire.com/news/home/20240326678170/en/Ouster-Announces-Record-Revenue-for-Fourth-Quarter-and-Full-Year-2023](https://www.businesswire.com/news/home/20240326678170/en/Ouster-Announces-Record-Revenue-for-Fourth-Quarter-and-Full-Year-2023)

&#x200B;

Next part by user:  u/Katzengras

**Ouster Achieves ISO 27001 InfoSec Certification**

[https://www.businesswire.com/news/home/20231220708114/en/](https://www.businesswire.com/news/home/20231220708114/en/)

The certification demonstrates Ouster‚Äôs commitment to ensuring the highest standards of data security for its customers and partners. ISO 27001 requires companies to systematically examine their information security risks, design and implement a comprehensive set of security controls and measures, and adopt a management approach to continue to meet a high standard for information security. The independent assessment was performed by ANAB-accredited BARR Advisory, P.A.

Ouster‚Äôs Information Security Management System covers its lidar system and firmware, the Ouster Software Development Kit (SDK), and the Ouster Studio digital lidar visualizer. Ouster‚Äôs cybersecurity program manages 123 controls across 28 domains, including asset management, business continuity and disaster recovery, continuous monitoring, cryptographic protections, endpoint security, human resource security, incident response, risk management, third-party management, and vulnerability management. In addition to ISO 27001, Ouster is ISO 9001 and ISO 14001 certified.

THE VOLUME IS CRAZY

Look at the last 2 days

[https://chartexchange.com/symbol/nyse-oust/short-volume/?tblshortvolix=0](https://chartexchange.com/symbol/nyse-oust/short-volume/?tblshortvolix=0)

They are turning and starting to cover, look at the volume over the last month.

&#x200B;

DARK POOL AND OFF EXCHANGE

Still over 50% and they are buying a lot.

[https://chartexchange.com/symbol/nyse-oust/exchange-volume/](https://chartexchange.com/symbol/nyse-oust/exchange-volume/)

&#x200B;

HISTORICAL PRICE/VOLUME

Over 15 million in volume in the last two days of trading.

[https://chartexchange.com/symbol/nyse-oust/historical/](https://chartexchange.com/symbol/nyse-oust/historical/)

&#x200B;

OPTIONS

They are still as of yet untouched and ripe AF for this picking.

This is just an over view of all the chains, if you want to see each chain click on the options chain button.

[https://chartexchange.com/symbol/nyse-oust/optionchain/summary/](https://chartexchange.com/symbol/nyse-oust/optionchain/summary/)

They also just opened up higher strike prices on all the options chains.

MAX PAIN FOR OPTIONS CHAINS

19 APR 24, max pain is 6.00 strike                            17 MAY 24, max pain 5.00 strike

16 AUG 24, max pain 2.50 strike                                15 NOV 24, max pain 6.00 strike

&#x200B;

I am bullish on OUST for the short term and long.

&#x200B;

REMEMBER YOU STILL HAVE TIME TO GET IN FOR THE SHORT OR LONG PLAY

You have time to buy, options I like at all the strikes, depending on what chain you get, if you are doing the APR or MAY chain I like the ITM or just OTM calls.

If you are in the AUG or NOV chain I like them at all strikes.

&#x200B;

This next part is for  **Angus Pacala (CEO) Mark Frichtl (CTO)**

Please for the love of OUSTER  open longer dated option chains, for like JAN 25 and JAN 26 at the minimum.

**If you have anything to add please put it in the comments.**",2024-03-30 05:22:59,2024-03-30 05:22:59+00:00
I'm starting to doubt this meritocracy thing y'all. Are twitter billionaires really all that?,0,1bra5f2,https://i.redd.it/qyh02ybuperc1.jpeg,2,1711776542.0,,2024-03-30 05:29:02,2024-03-30 05:29:02+00:00
Non-members will no longer be able to buy Costco's iconic $1.50 hot dog combo,2696,1bra9rl,https://www.cnbc.com/2024/03/27/the-reason-why-costco-is-banning-non-members-from-its-food-courts.html,335,1711776945.0,"THE DAY OF JUDGEMENT HAS COME

Bears I know the last few months have been hard, but you have survived the crucible
We are in the precipice of a new depression no other indicator is needed.

May god amd Powell have mercy on our calls.",2024-03-30 05:35:45,2024-03-30 05:35:45+00:00
$NVDA's 20-Day MA Confluence with CUP & HANDLE Structure,37,1brbf6f,https://www.reddit.com/r/wallstreetbets/comments/1brbf6f/nvdas_20day_ma_confluence_with_cup_handle/,47,1711781119.0,"https://preview.redd.it/2atxvdtzeerc1.jpg?width=1802&format=pjpg&auto=webp&s=92671756c4887cbfb15d0a6a0463a0ccbed10292

On Friday, $NVDA experienced a rebound from its 20-day moving average, coincidentally near the trendline. This chart pattern resembles a CUP & HANDLE formation, indicating a potential reversal. 

Given that this is a 3 day weekend, PCE met predictions, and Powell was hawkish don't jump to conclusions please. Take this with a grain of salt.",2024-03-30 06:45:19,2024-03-30 06:45:19+00:00
Why The Crypto Bull Rally Will Continue! (Check comments),3,1brccze,https://i.redd.it/sqqvvt14ffrc1.png,3,1711784828.0,,2024-03-30 07:47:08,2024-03-30 07:47:08+00:00
"How to calculate ""biggest % drop of a share price within a week's window""?",1,1brcd7m,https://www.reddit.com/r/wallstreetbets/comments/1brcd7m/how_to_calculate_biggest_drop_of_a_share_price/,1,1711784856.0,"Is there any website or some resource which can tell this?

I did some Python & got this as the answer for Nvidia in the last 5 years: https://pastebin.com/raw/3qfvjFg8

But I would like to verify if my shitty math is non-shitty so asking, any tips would be appreciated, thanks!",2024-03-30 07:47:36,2024-03-30 07:47:36+00:00
Boeing Heard the Warnings. It Just Didn't Listen.,1195,1brcmyv,https://www.bloomberg.com/opinion/articles/2024-03-29/boeing-heard-the-warnings-it-just-didn-t-listen,96,1711785934.0,,2024-03-30 08:05:34,2024-03-30 08:05:34+00:00
Boeing Heard the Warnings. It Just Didn't Listen.,5,1brcmyv,https://www.bloomberg.com/opinion/articles/2024-03-29/boeing-heard-the-warnings-it-just-didn-t-listen,5,1711785934.0,,2024-03-30 08:05:34,2024-03-30 08:05:34+00:00
$MSTR Micheal Saylor sells 1027 shares on march 28,2,1brcwiu,https://www.reddit.com/r/wallstreetbets/comments/1brcwiu/mstr_micheal_saylor_sells_1027_shares_on_march_28/,7,1711787038.0,"At an avg price of 1926. I guess that explains the hard nosedive the stock took even though btc was going up. 

So what do we think about this? I‚Äôm thinking that price is going back to $2000 if btc keeps up. ",2024-03-30 08:23:58,2024-03-30 08:23:58+00:00
Cocoa Surge - chocolatey goodness in the supply chain,46,1bre7p7,https://www.reddit.com/r/wallstreetbets/comments/1bre7p7/cocoa_surge_chocolatey_goodness_in_the_supply/,51,1711792614.0,"Who's following the cocoa commodity price explosion? To the moon?  
I'm looking at the supply chain companies, not the chocolate brands - key logistics providers and closest to the actual bean growers are ADM, BG, and maybe INGR.

What do you know?

  
It all boils down to¬†**a dramatic drop in supply**. The world is facing the biggest deficit of cocoa in decades. Most cocoa beans are grown in West Africa, where extreme weather and changing climate patterns have upended crop harvests, which are forecast to fall short for the third year in a row.",2024-03-30 09:56:54,2024-03-30 09:56:54+00:00
What is your win rate ?,1,1brehmf,https://www.reddit.com/r/wallstreetbets/comments/1brehmf/what_is_your_win_rate/,21,1711793673.0,,2024-03-30 10:14:33,2024-03-30 10:14:33+00:00
Caravans stockholders‚Äô suit dismissed,1,1bretj5,https://www.reddit.com/r/wallstreetbets/comments/1bretj5/caravans_stockholders_suit_dismissed/,8,1711794971.0,"Delaware court dismisses CVNA stockholders‚Äô suit over $600M stock offering.

Sooooo calls for next week?",2024-03-30 10:36:11,2024-03-30 10:36:11+00:00
Reddit stocks,0,1brfj4d,https://www.reddit.com/r/wallstreetbets/comments/1brfj4d/reddit_stocks/,12,1711797668.0,Hi I am beginner in trading and I usually buy stocks of companies that I actually trust and like but do you think that is good idea to buy Reddit stocks? ,2024-03-30 11:21:08,2024-03-30 11:21:08+00:00
"We are regarded, but we are not this regarded right? ",916,1brfymj,https://v.redd.it/ye0eh7lulgrc1,300,1711799188.0,He would have better odds with 0DTE SPY calls than fucking slot machine for $750 a spin lmao,2024-03-30 11:46:28,2024-03-30 11:46:28+00:00
Annoyed at myself for selling Nvidia over a year ago for $137...,8,1brgcuh,https://i.redd.it/r6n3z06upgrc1.png,35,1711800528.0,"I found a sell order for nvidia from a year ago, back when i was 18 years old :/",2024-03-30 12:08:48,2024-03-30 12:08:48+00:00
The Realtors settlement is already changing the way some Americans buy and sell homes | CNN Business,413,1brgj1a,https://www.cnn.com/2024/03/30/economy/nar-settlement-home-buyers-and-sellers/index.html,180,1711801091.0,Likely this will push us back to 2% inflation and lower rates since housing inflation has been the largest sticky component.,2024-03-30 12:18:11,2024-03-30 12:18:11+00:00
hold?,4,1brgtgo,https://i.redd.it/s1jyuon9ugrc1.jpeg,4,1711802018.0,I should be fine right?,2024-03-30 12:33:38,2024-03-30 12:33:38+00:00
$tern,1,1bricim,https://www.reddit.com/r/wallstreetbets/comments/1bricim/tern/,1,1711806644.0,"I came across this potential small cap gem. Similar to $VKTX, however much earlier stages at the moment with potential promising results. GLP-1 drug with a heavy oncology focus. Results from early trials expected later on this year. I may get into this at $6 (JP target is $15). 

https://ir.ternspharma.com/static-files/2d07db2f-e544-4d43-b100-f961aa1083d9

Thoughts on this company and riding this obesity market wave? Is it saturated yet? What sets this drug and future drugs apart from each other?

",2024-03-30 13:50:44,2024-03-30 13:50:44+00:00
First month,2,1brjn7m,https://i.redd.it/9lw0sq0oihrc1.png,4,1711810229.0,"I made this on my first month trading ETF and a stock that I sold because it was shit, at least I didn't loose money with that stock. But anyways, my question is... Is that normal? Is that ok? I'm pointing to a long term strategy most based in financial markets and raw materials but not only. I just wanna get some profit in the long run this year using the cut in interest rates by the ECB (I bought a CW Call to hedge for my safety) and 3 Nvidia stocks. I know it's not that much but I prefered to invest in old trusty S&P 500 almost half of my money, my assets in financial markets and shit and well... 3 stocks at the price I bought it means ‚Ç¨2.500. Am I starting good?",2024-03-30 14:50:29,2024-03-30 14:50:29+00:00
Shouldn't it be reggard or dragger as in knuckle dragger you apes?,1,1brjtci,https://www.reddit.com/r/wallstreetbets/comments/1brjtci/shouldnt_it_be_reggard_or_dragger_as_in_knuckle/,1,1711810715.0,Discuss,2024-03-30 14:58:35,2024-03-30 14:58:35+00:00
Bullish or Bearish Powell Interview?,104,1brl1oj,https://www.reddit.com/r/wallstreetbets/comments/1brl1oj/bullish_or_bearish_powell_interview/,110,1711813937.0,"I have seen a pretty equal amount of people making the case that Powell's recent interview was bullish or bearish. I have decided to lay out the cases for both.

Furthermore, it is worth noting that PCE numbers were released a few hours before the interview. The numbers were in line with what was expected, with MoM PCE below expectations.

Disclaimer: I saw Powell's comments as more dovish than hawkish, but I will try to lay out both cases as unbiasedly as possible.

**Bullish perspective:**

The PCE numbers were a positive, in spite of a slight uptick, because they were what economists were expecting. Powell even alluded to that in the beginning of the interview, saying ""It is good to see something coming in line with expectations"" and ""It's definitely more along the lines of what we want to see"". He also mentioned a few times how inflation has been coming down and there has been real progress made.

At one point during the interview, the interviewer (who, by the way, was extremely brash) asked why would it be terrible to initially lower the rates before data provides confidence and react appropriately if the data changes. To which Powell said ""you're right, we always have to be humble,..The outlook is always much more uncertain than most people think"". He went on to say they (the Fed) are in a good place to react to a range of scenarios, with the bear case being holding rates where they are and the base case of lowering rates.

Moreover, after the PCE release and interview, interest rate traders increased the odds of a June rate cut to ~60% from ~50% on Thursday.


**Bearish:**

Powell brought up the high inflation readings from January and alluded to them being concerning. He mentioned how they expect to see inflation coming down on bumpy path 

Powell also addressed the elephant in the room about when it is appropriate to begin lowering rates. He said ""we don't see it as likely to be appropriate to begin reducing interest rate until we are confident that inflation is moving down to 2% on a sustained basis"". He reiterated multiple times that they are not in a hurry to lower rates. The reasoning behind this is that the economy is strong and unemployment is near historic lows. The case being made from bears is that this is a bad thing because it gives justification to the Fed to just keep rates where they are.

Lastly, Powell said that he does not see rates going back to their pre-pandemic low.


**Why I am leaning bullish:**

I don't think the markets expected Powell to cut rates in May anyways. So there was no expectation to rush into a rate cut. Also, I don't believe markets expected rates to go back to those below 1% pre pandemic lows.

My takeaway was that the worst case scenario is rates stay where they are for longer than expected, where best case scenario is they come down significantly. But even in that worst case scenario, it only happens because the economy is booming and unemployment stays low, so is it really worst case? Even in this worst case scenario, Powell alluded that eventually they would lower rates when inflation does come down. So there is no case where rates remain where they are indefinitely.

TLDR: Bulls have a point, bears have a point, and I identify as a heterosexual bull (he/him pronouns).

",2024-03-30 15:52:17,2024-03-30 15:52:17+00:00
NVDA 2025 Price Forecast,6,1brl2jv,https://i.redd.it/yf19tu5wthrc1.jpeg,2,1711813998.0,,2024-03-30 15:53:18,2024-03-30 15:53:18+00:00
Puts on Easter,1484,1brlm4i,https://i.redd.it/0a8qq512yhrc1.jpeg,80,1711815398.0,,2024-03-30 16:16:38,2024-03-30 16:16:38+00:00
Puts on Easter,52,1brlm4i,https://i.redd.it/0a8qq512yhrc1.jpeg,3,1711815398.0,,2024-03-30 16:16:38,2024-03-30 16:16:38+00:00
Regards,871,1brlpgl,https://i.redd.it/q4rxl4gryhrc1.jpeg,95,1711815636.0,,2024-03-30 16:20:36,2024-03-30 16:20:36+00:00
Regards,23,1brlpgl,https://i.redd.it/q4rxl4gryhrc1.jpeg,5,1711815636.0,,2024-03-30 16:20:36,2024-03-30 16:20:36+00:00
LLY EARNINGS PLAY BABY ,117,1brmi1x,https://www.reddit.com/r/wallstreetbets/comments/1brmi1x/lly_earnings_play_baby/,168,1711817723.0,"Hello fellow regards. I have come to the observation that we are so ungodly regarded we are missing the easiest play in front of us. 

LLY has been fucking pumping for good reason in the past few months. 

1. They have insane revenue. They beat last earnings expectations from exp: 8.97 billion to act: 9.35 billion. Thats a whole lot of money to be bringing in constantly. And they have an expected revenue for next quarter at 8.98 billion. LIKE WHAT TF. 

2. They legit cannot make enough products to meet demand. Obesity and diabetes have swept the country and health related problems that LLY capitalize on have spiked and almost half of Americans are over weight and will soon need these drugs. Idk if you may have read that correctly. ALMOST HALF OF AMERICANS ARE OVERWEIGHT, many also have diabetes which is also another area for lly to make money. 

3. Weight loss drugs are the temporary solution to this shitty problem. People will take the temporary solution any day of the week. And in this case the temporary solution is LLY weight loss drugs. 

This is a powerhouse of a company with great financials and calls are definitely the play since earnings are later in April. You wouldn‚Äôt even need to hold through earnings to get profits. Since people will wake up and pump LLY since people see the earnings are close. 

LLY gives the fat people the easy way out of the situation they ate themselves in!",2024-03-30 16:55:23,2024-03-30 16:55:23+00:00
Almost Recovered from my wsb gambling era,1,1brmkx0,https://i.redd.it/klc5juol5irc1.jpeg,1,1711817937.0,,2024-03-30 16:58:57,2024-03-30 16:58:57+00:00
I made a website where you pay a dollar to say ree-tard,1,1brmkxh,https://www.reddit.com/r/wallstreetbets/comments/1brmkxh/i_made_a_website_where_you_pay_a_dollar_to_say/,1,1711817938.0,"\[made a website\](http://www.example.com) where for every dollar you spend, you can click and it will say 'ree-tard'

leaderboard shows which idiot spent the most

https://reddit.com/link/1brmkxh/video/nm9i16ks3irc1/player",2024-03-30 16:58:58,2024-03-30 16:58:58+00:00
"Ozempic maker Novo Nordisk facing pressure as study finds $1,000 appetite suppressant can be made for just $5",646,1bro25i,https://fortune.com/europe/2024/03/28/ozempic-maker-novo-nordisk-facing-pressure-as-study-finds-1000-appetite-suppressant-can-be-made-for-just-5/,213,1711821747.0,,2024-03-30 18:02:27,2024-03-30 18:02:27+00:00
Margin Debt Up 5.8% in February,49,1brohi5,https://www.advisorperspectives.com/dshort/updates/2024/03/22/margin-debt-up-5-8-in-february,12,1711822820.0,,2024-03-30 18:20:20,2024-03-30 18:20:20+00:00
Margin Debt Up 5.8% in February,3,1brohi5,https://www.advisorperspectives.com/dshort/updates/2024/03/22/margin-debt-up-5-8-in-february,2,1711822820.0,,2024-03-30 18:20:20,2024-03-30 18:20:20+00:00
robinhood support guh?,0,1bromoh,https://i.redd.it/yyh8oov6lirc1.jpeg,52,1711823179.0,"ok yea i‚Äôm a giant asshole but this is my third round with rh support. they somehow sold a call of mine at market open when my stop trigger was beneath the mid price of the option. 

rh support just spent half an hour trying to convince me a bid price could trigger your stop limit sell. what the fuck robinhood?
",2024-03-30 18:26:19,2024-03-30 18:26:19+00:00
Amazon's $150 Billion Data Center Bet: Preparing for AI Boom and Market Domination,813,1brp4ld,https://www.reddit.com/r/wallstreetbets/comments/1brp4ld/amazons_150_billion_data_center_bet_preparing_for/,146,1711824455.0,"ARTICLE TLDR: Amazon is investing a whopping $150 billion over 15 years to build data centers, anticipating a surge in demand for AI and digital services. This move aims to cement Amazon's lead in cloud services and enhance customer satisfaction. Additionally, Amazon is allocating over $1 billion this year to Nvidia's new Blackwell AI data center, further underlining its commitment to staying ahead in the tech race. With previous significant expenditures and strategic acquisitions, Amazon signals a bullish stance on profitability and market dominance. 

SOURCE:

[https://nypost.com/2024/03/28/business/amazon-pours-150b-into-data-centers-to-handle-expected-ai-boom/](https://nypost.com/2024/03/28/business/amazon-pours-150b-into-data-centers-to-handle-expected-ai-boom/)",2024-03-30 18:47:35,2024-03-30 18:47:35+00:00
"""$SAVE - SPIRIT AIRLINE - ABOUT TO TAKEOFF""",295,1brpjdb,https://www.reddit.com/r/wallstreetbets/comments/1brpjdb/save_spirit_airline_about_to_takeoff/,184,1711825521.0,"$JBLU was willing to pay $35/share. I can't imagine $LUV offering less than $25/share.

With the number of shares short being more than 28% of the float and considering the millions of shares that have been bought under $5 $SAVE is setup for a massive short squeeze. 

The funds were selling at the end of March as ""window dressing"". On Monday they'll be buying for the new quarter plus funds that were restricted from buying shares under $5 will be buying.

""Buying at the bottom is always a challenge. Many will come close but only a few will actually do so and then they will regret not having bought more shares as the share price moves higher.""

If you missed out on buying $NVDA before the run-up don't miss out on buying $SAVE before it does the same. 500% upside?

Additional points to consider:

‚úÖ $300,000,000 in cash coming.

‚úÖ All Airbus planes.

‚úÖ Expected to be cash flow positive in 2nd quarter.",2024-03-30 19:05:21,2024-03-30 19:05:21+00:00
"""$SAVE - SPIRIT AIRLINE - ABOUT TO TAKEOFF""",320,1brpjdb,https://www.reddit.com/r/wallstreetbets/comments/1brpjdb/save_spirit_airline_about_to_takeoff/,207,1711825521.0,"$JBLU was willing to pay $35/share. I can't imagine $LUV offering less than $25/share.

With the number of shares short being more than 28% of the float and considering the millions of shares that have been bought under $5 $SAVE is setup for a massive short squeeze. 

The funds were selling at the end of March as ""window dressing"". On Monday they'll be buying for the new quarter plus funds that were restricted from buying shares under $5 will be buying.

""Buying at the bottom is always a challenge. Many will come close but only a few will actually do so and then they will regret not having bought more shares as the share price moves higher.""

If you missed out on buying $NVDA before the run-up don't miss out on buying $SAVE before it does the same. 500% upside?

Additional points to consider:

‚úÖ $300,000,000 in cash coming.

‚úÖ All Airbus planes.

‚úÖ Expected to be cash flow positive in 2nd quarter.

‚úÖ J.P. Morgan reiterated its ""BUY"" rating on Friday.",2024-03-30 19:05:21,2024-03-30 19:05:21+00:00
Starbucks - The Worst Run Company In The World,0,1brpuhs,https://www.reddit.com/r/wallstreetbets/comments/1brpuhs/starbucks_the_worst_run_company_in_the_world/,39,1711826309.0,"If you ever find yourself at one of these disgusting, generation alpha baby sitting, cuck complaining, occupy Wall Street save progress checkpoints, you either are at the airport or late to something and need an excuse.

With the stock down almost 10% YTD, revolving door of golden parachute packages, incompetence and Ivy League consultants with cookie cutter solutions, this fucker has run its course. 

Just go to one today and see it in person. 

You will be like the new Costco CFO who went on a sabbatical to visit the worst performing store locations. 

I think the first thing he said was everyone is fired who allows paid members that didn‚Äôt want to wait in line to get their picture taken and instead use another family members card causing massive confusion and inefficiencies that could save the company billions. 

That‚Äôs probably gonna backfire, but at least he is trying. 

Starbucks on the other hand doesn‚Äôt give two shits. You won‚Äôt find employees willing to jump out of drive through windows to get you the extra Chick-Fil-A sauce they forgot. 

No progress in same store sales growth with price increases is a failure and 100‚Äôs of stores need to close. That should happen soon or it‚Äôs spring cleaning time. 

No puts. If you are stupid enough to hold shares you probably like it there. ",2024-03-30 19:18:29,2024-03-30 19:18:29+00:00
Starbucks - The Worst Run Company In The World,4,1brpuhs,https://www.reddit.com/r/wallstreetbets/comments/1brpuhs/starbucks_the_worst_run_company_in_the_world/,98,1711826309.0,"If you ever find yourself at one of these disgusting, generation alpha baby sitting, cuck complaining, occupy Wall Street save progress checkpoints, you either are at the airport or late to something and need an excuse.

With the stock down over 10% in the last year, revolving door of golden parachute packages, incompetence and Ivy League consultants with cookie cutter solutions, this fucker has run its course. 

Just go to one today and see it in person. 

You will be like the new Costco CFO who went on a sabbatical to visit the worst performing store locations. 

I think the first thing he said was everyone is fired who allows paid members that didn‚Äôt want to wait in line to get their picture taken and instead use another family members card causing massive confusion and inefficiencies that could save the company billions. 

That‚Äôs probably gonna backfire, but at least he is trying. 

Starbucks on the other hand doesn‚Äôt give two shits. You won‚Äôt find employees willing to jump out of drive through windows to get you the extra Chick-Fil-A sauce they forgot. 

No progress in same store sales growth with price increases is a failure and 100‚Äôs of stores need to close. That should happen soon or it‚Äôs spring cleaning time. 

No puts. If you are stupid enough to hold shares you probably like it there. ",2024-03-30 19:18:29,2024-03-30 19:18:29+00:00
Boeing‚Äôs crisis is why money guys shouldn‚Äôt run a company,27,1brpz02,https://archive.is/w9dWL,11,1711826636.0,,2024-03-30 19:23:56,2024-03-30 19:23:56+00:00
Incoming recession?,14,1brq28q,https://i.redd.it/gy780j47wirc1.jpeg,67,1711826880.0,I'd say we can see one coming within the next few months.,2024-03-30 19:28:00,2024-03-30 19:28:00+00:00
Remember This Day? 11/10/22,1230,1brqmei,https://i.redd.it/xuhzkl0j0jrc1.jpeg,163,1711828338.0,"Remember how you felt on this day (11/10/22)?
Flashback to SPY +5%, QQQ +7% and VIX -10% coming down to 23%.  Some of your favorite tickers have skyrocketed since then (NVDA $156, AMD $68, META $111) while others haven‚Äôt (TSLA $189).  Ahh, what a glorious day.",2024-03-30 19:52:18,2024-03-30 19:52:18+00:00
Quick Question: If everyone is bullish this week on Spy does that mean we should be getting puts?,2,1brqony,https://www.reddit.com/r/wallstreetbets/comments/1brqony/quick_question_if_everyone_is_bullish_this_week/,3,1711828498.0,"From what I have been reading every one and there mother are screaming there bull horns and saying they bought calls either last week or are planning on getting calls this Monday, so does that mean we should do the opposite?

I know that the news has been bullish and we have had a steller bull run but typically if there are more puts then calls or vice versa they like to do the opposite of what we expect! 

What do you pros of WSB think?",2024-03-30 19:54:58,2024-03-30 19:54:58+00:00
"Intuitive Machines $LUNR consortium awarded NASA LTV contract!!! (Total contract worth $4.6B, not all for $LUNR)",2,1brs3u4,https://twitter.com/SpaceEquities/status/1774152335377215678,1,1711832142.0,,2024-03-30 20:55:42,2024-03-30 20:55:42+00:00
Short NIO - $9 billion of market cap to be lost,171,1brsa6j,https://i.redd.it/g6zrmk16djrc1.jpeg,77,1711832588.0,"
1) China is in a deep recession now which will depress domestic demand

2) the battery-swap thing is nifty, but I imagine very expensive for NIO; if someone‚Äôs battery is old and crap, and it gets swapped for a brand-new battery in the swapping station, how are NIO compensated for now having an crap battery back from their consumer? Batteries are a big portion of the production cost of an EV‚Ä¶

3) tariffs are going to block Chinese EVs, including NIO, from US and EU - and maybe Japanese - markets (to protect domestic manufacturers)‚Ä¶ this shuts out a massive market 

4) NIO is on luxury side, meaning it can‚Äôt compete with BYD for the global south/rest of the world EV market‚Ä¶ also BYD made 3.58 CNY per share last quarter and NIO *lost* 2.81 CNY per share last quarter so BYD likely to outcompete NIO hard

5) Chinese declining demographics mean that every year the domestic market is going to be getting smaller and smaller, reducing space for a profitable future‚Ä¶ (same deal in nearby markets across Asia, especially S. Korea, Japan, Vietnam)",2024-03-30 21:03:08,2024-03-30 21:03:08+00:00
Max that Margin,30,1brtmk4,https://www.reddit.com/r/wallstreetbets/comments/1brtmk4/max_that_margin/,14,1711836015.0,"https://preview.redd.it/grb2uf6injrc1.jpg?width=1600&format=pjpg&auto=webp&s=1760e44107a692c985c9e7120d2196897f0f4c23

HELOC that home

Lien that car  
Cash advance those cards

$742,963M [margin debt](https://www.finra.org/rules-guidance/key-topics/margin-accounts/margin-statistics) as of Feb 2024  
$40,939M [adjusted for inflation](https://data.bls.gov/cgi-bin/cpicalc.pl?cost1=17%2C000%2C00&year1=192902&year2=202402), 1929

So we'd need to see about $30,851T in today's dollars to match the \~$17B in [1929 margin debt](https://onlinelibrary.wiley.com/doi/full/10.1111/ehr.13213)

Who needs regulation? Fuck the [50% rule](https://www.finra.org/rules-guidance/key-topics/margin-accounts), let's bring back 10% from roaring 20s.",2024-03-30 22:00:15,2024-03-30 22:00:15+00:00
My chart in day and swing trading,28,1bruuf4,https://i.redd.it/994sudznwjrc1.jpeg,26,1711839146.0,"Two years ago I uploaded trade republic and started trading, back then I just knew the basics and though along the way I will learn more. I used to trade mostly in tesla stock and options. 

So my idea or my ‚Äústrategy‚Äù back then, is to take a stock that has high volatility and day trade it, I noticed pattern that the stock go up  end of the day so I sell then, and when it would not work out I will just wait couple of days and then sell (you can see in the charts that when i sell after days its low profit but still no loss). 

Other thing is, when I though the stock is going down I would sell fast in order to minimise the loss (thats why I have that one loss or less than 1% profit). 

Now, I look at the chart and its looks good, what do you think of this strategy? And do you think it was all just luck ? or am i on the right path? All i focus on in trading is risk management and not let my ego and emotions take over which i feel i kinda did a good job. 

After a while I stopped trading because i had to move countries, but planning to start trade again! ",2024-03-30 22:52:26,2024-03-30 22:52:26+00:00
Can SoFi Really Dominate banking in the Digital Era?,1,1bruulm,https://stocktwits.com/PaulTInvesting/message/567861313,1,1711839159.0,,2024-03-30 22:52:39,2024-03-30 22:52:39+00:00
How is the XLU Utilities Sector going to react on Monday‚Äôs open with no immediate need for rate cuts?,5,1brv0mo,https://www.reddit.com/r/wallstreetbets/comments/1brv0mo/how_is_the_xlu_utilities_sector_going_to_react_on/,31,1711839604.0,"With no immediate need for rate cuts, any thoughts on Sunday night/Monday morning open?",2024-03-30 23:00:04,2024-03-30 23:00:04+00:00
$BIP - Brookfield Infrastructure Partners as unrecognized AI play,0,1brv1tb,https://www.reddit.com/r/wallstreetbets/comments/1brv1tb/bip_brookfield_infrastructure_partners_as/,19,1711839675.0,"*Disclaimer: Neither the title of this post nor anything contained in this post or commented by me in this post is investment advice. This post is not a promise about future performance. I am sharing a personal opinion and a personal investment strategy. Do your own due diligence and make your own investment decisions.*

I was reading the below article, and decided to give Brookfield Infrastrucure Partners a second look:

https://www.fool.com/investing/2024/03/24/a-once-in-a-generation-investment-opportunity-1-ai/

Some things I like:

Based on the current shareprice, dividend of 5.19%

Trading around the low end of its 52-week average

AI datacenter play

24.29% YoY revenue growth in 2023

Free Cash Flow of $1.75 billion

67% institutional ownership

$38 - 40 target price

For those in the sub following $BIP, curious to hear your takes, whether for the Bull or Bear case.

Currently hold 114 shares at an average cost of $30.53 a share. Seems to be finally trending back up over the past month, and seems poised to break the 6 month resistance level that's around $32.",2024-03-30 23:01:15,2024-03-30 23:01:15+00:00
TSM Earnings Play,508,1brv5tx,https://www.reddit.com/r/wallstreetbets/comments/1brv5tx/tsm_earnings_play/,347,1711839972.0,"TSM is going to smash their earnings and I base that on the actual numbers TSM is putting out. Unlike most companies TSM releases their revenues monthly on their investors relations website:

https://investor.tsmc.com/english/monthly-revenue/2024

There revenues so far for this quarter are 397,433 (M) NT.

If we look at previous March performances, its a slower month for them. Last year they posted approxinately $150,000 (M) NT. 

There YOY growth in revenues for the two previous months have been 7.9 and 11.3%. Since I like easy math, let's say that had 10% YOY for March.

Their revenue for this march would come in at 165,000 (M) NT.


The total revenue would be 562,433 (M) NT. Converting that to USD from NT. We would have revenue of 17435 (M) USD. 

There profitability is typically between 40 and 42%, so on the lower end. Profit would be 6974 (M) USD.

Since there are 4.65 Billion shares outstanding, we could potentially see an EPS $1.49-1.5.

That's a huge beat and potentially a solid rally to follow.

This is not financial advice. Am bullish on TSM.",2024-03-30 23:06:12,2024-03-30 23:06:12+00:00
I found WSB Headquarters,3520,1brvb7u,https://i.redd.it/n2n1e3u90krc1.jpeg,130,1711840378.0,,2024-03-30 23:12:58,2024-03-30 23:12:58+00:00
I found WSB Headquarters,223,1brvb7u,https://i.redd.it/n2n1e3u90krc1.jpeg,23,1711840378.0,,2024-03-30 23:12:58,2024-03-30 23:12:58+00:00
This news will cause a total export ban for Nvidia soon,0,1brvxlz,https://www.tomshardware.com/pc-components/gpus/nvidias-sanctions-compliant-4090d-gaming-gpu-for-china-is-overclockable-restoring-performance-to-standard-unsanctioned-rtx-4090-fe-levels,40,1711842022.0,,2024-03-30 23:40:22,2024-03-30 23:40:22+00:00
This news will cause a total export ban for Nvidia soon,0,1brvxlz,https://www.tomshardware.com/pc-components/gpus/nvidias-sanctions-compliant-4090d-gaming-gpu-for-china-is-overclockable-restoring-performance-to-standard-unsanctioned-rtx-4090-fe-levels,7,1711842022.0,,2024-03-30 23:40:22,2024-03-30 23:40:22+00:00
